term_id,p_value
GO:0032784,0.019997212770670954
GO:0032786,0.019997212770670954
GO:0034243,0.019997212770670954
